Plugin ID,CVE,CVSS v2.0 Base Score,Risk,Host,Protocol,Port,Name,Synopsis,Description,Solution,See Also,Plugin Output
"10107","","","None","103.145.50.26","tcp","80","HTTP Server Type and Version","A web server is running on the remote host.","This plugin attempts to determine the type and the version of the
  remote web server.","n/a","","The remote web server type is :

Apache"
"10107","","","None","103.145.50.26","tcp","2082","HTTP Server Type and Version","A web server is running on the remote host.","This plugin attempts to determine the type and the version of the
  remote web server.","n/a","","The remote web server type is :

lighttpd/1.4.54"
"10107","","","None","103.145.50.26","tcp","2086","HTTP Server Type and Version","A web server is running on the remote host.","This plugin attempts to determine the type and the version of the
  remote web server.","n/a","","The remote web server type is :

lighttpd/1.4.54"
"10107","","","None","103.145.50.26","tcp","2095","HTTP Server Type and Version","A web server is running on the remote host.","This plugin attempts to determine the type and the version of the
  remote web server.","n/a","","The remote web server type is :

lighttpd/1.4.54"
"11219","","","None","103.145.50.26","tcp","21","Nessus SYN scanner","It is possible to determine which TCP ports are open.","This plugin is a SYN 'half-open' port scanner.  It shall be reasonably
quick even against a firewalled target. 

Note that SYN scans are less intrusive than TCP (full connect) scans
against broken services, but they might cause problems for less robust
firewalls and also leave unclosed connections on the remote target, if
the network is loaded.","Protect your target with an IP filter.","","Port 21/tcp was found to be open"
"11219","","","None","103.145.50.26","tcp","22","Nessus SYN scanner","It is possible to determine which TCP ports are open.","This plugin is a SYN 'half-open' port scanner.  It shall be reasonably
quick even against a firewalled target. 

Note that SYN scans are less intrusive than TCP (full connect) scans
against broken services, but they might cause problems for less robust
firewalls and also leave unclosed connections on the remote target, if
the network is loaded.","Protect your target with an IP filter.","","Port 22/tcp was found to be open"
"11219","","","None","103.145.50.26","tcp","25","Nessus SYN scanner","It is possible to determine which TCP ports are open.","This plugin is a SYN 'half-open' port scanner.  It shall be reasonably
quick even against a firewalled target. 

Note that SYN scans are less intrusive than TCP (full connect) scans
against broken services, but they might cause problems for less robust
firewalls and also leave unclosed connections on the remote target, if
the network is loaded.","Protect your target with an IP filter.","","Port 25/tcp was found to be open"
"11219","","","None","103.145.50.26","tcp","53","Nessus SYN scanner","It is possible to determine which TCP ports are open.","This plugin is a SYN 'half-open' port scanner.  It shall be reasonably
quick even against a firewalled target. 

Note that SYN scans are less intrusive than TCP (full connect) scans
against broken services, but they might cause problems for less robust
firewalls and also leave unclosed connections on the remote target, if
the network is loaded.","Protect your target with an IP filter.","","Port 53/tcp was found to be open"
"11219","","","None","103.145.50.26","tcp","80","Nessus SYN scanner","It is possible to determine which TCP ports are open.","This plugin is a SYN 'half-open' port scanner.  It shall be reasonably
quick even against a firewalled target. 

Note that SYN scans are less intrusive than TCP (full connect) scans
against broken services, but they might cause problems for less robust
firewalls and also leave unclosed connections on the remote target, if
the network is loaded.","Protect your target with an IP filter.","","Port 80/tcp was found to be open"
"11219","","","None","103.145.50.26","tcp","110","Nessus SYN scanner","It is possible to determine which TCP ports are open.","This plugin is a SYN 'half-open' port scanner.  It shall be reasonably
quick even against a firewalled target. 

Note that SYN scans are less intrusive than TCP (full connect) scans
against broken services, but they might cause problems for less robust
firewalls and also leave unclosed connections on the remote target, if
the network is loaded.","Protect your target with an IP filter.","","Port 110/tcp was found to be open"
"11219","","","None","103.145.50.26","tcp","143","Nessus SYN scanner","It is possible to determine which TCP ports are open.","This plugin is a SYN 'half-open' port scanner.  It shall be reasonably
quick even against a firewalled target. 

Note that SYN scans are less intrusive than TCP (full connect) scans
against broken services, but they might cause problems for less robust
firewalls and also leave unclosed connections on the remote target, if
the network is loaded.","Protect your target with an IP filter.","","Port 143/tcp was found to be open"
"11219","","","None","103.145.50.26","tcp","443","Nessus SYN scanner","It is possible to determine which TCP ports are open.","This plugin is a SYN 'half-open' port scanner.  It shall be reasonably
quick even against a firewalled target. 

Note that SYN scans are less intrusive than TCP (full connect) scans
against broken services, but they might cause problems for less robust
firewalls and also leave unclosed connections on the remote target, if
the network is loaded.","Protect your target with an IP filter.","","Port 443/tcp was found to be open"
"11219","","","None","103.145.50.26","tcp","465","Nessus SYN scanner","It is possible to determine which TCP ports are open.","This plugin is a SYN 'half-open' port scanner.  It shall be reasonably
quick even against a firewalled target. 

Note that SYN scans are less intrusive than TCP (full connect) scans
against broken services, but they might cause problems for less robust
firewalls and also leave unclosed connections on the remote target, if
the network is loaded.","Protect your target with an IP filter.","","Port 465/tcp was found to be open"
"11219","","","None","103.145.50.26","tcp","587","Nessus SYN scanner","It is possible to determine which TCP ports are open.","This plugin is a SYN 'half-open' port scanner.  It shall be reasonably
quick even against a firewalled target. 

Note that SYN scans are less intrusive than TCP (full connect) scans
against broken services, but they might cause problems for less robust
firewalls and also leave unclosed connections on the remote target, if
the network is loaded.","Protect your target with an IP filter.","","Port 587/tcp was found to be open"
"11219","","","None","103.145.50.26","tcp","993","Nessus SYN scanner","It is possible to determine which TCP ports are open.","This plugin is a SYN 'half-open' port scanner.  It shall be reasonably
quick even against a firewalled target. 

Note that SYN scans are less intrusive than TCP (full connect) scans
against broken services, but they might cause problems for less robust
firewalls and also leave unclosed connections on the remote target, if
the network is loaded.","Protect your target with an IP filter.","","Port 993/tcp was found to be open"
"11219","","","None","103.145.50.26","tcp","995","Nessus SYN scanner","It is possible to determine which TCP ports are open.","This plugin is a SYN 'half-open' port scanner.  It shall be reasonably
quick even against a firewalled target. 

Note that SYN scans are less intrusive than TCP (full connect) scans
against broken services, but they might cause problems for less robust
firewalls and also leave unclosed connections on the remote target, if
the network is loaded.","Protect your target with an IP filter.","","Port 995/tcp was found to be open"
"11219","","","None","103.145.50.26","tcp","2082","Nessus SYN scanner","It is possible to determine which TCP ports are open.","This plugin is a SYN 'half-open' port scanner.  It shall be reasonably
quick even against a firewalled target. 

Note that SYN scans are less intrusive than TCP (full connect) scans
against broken services, but they might cause problems for less robust
firewalls and also leave unclosed connections on the remote target, if
the network is loaded.","Protect your target with an IP filter.","","Port 2082/tcp was found to be open"
"11219","","","None","103.145.50.26","tcp","2086","Nessus SYN scanner","It is possible to determine which TCP ports are open.","This plugin is a SYN 'half-open' port scanner.  It shall be reasonably
quick even against a firewalled target. 

Note that SYN scans are less intrusive than TCP (full connect) scans
against broken services, but they might cause problems for less robust
firewalls and also leave unclosed connections on the remote target, if
the network is loaded.","Protect your target with an IP filter.","","Port 2086/tcp was found to be open"
"11219","","","None","103.145.50.26","tcp","2095","Nessus SYN scanner","It is possible to determine which TCP ports are open.","This plugin is a SYN 'half-open' port scanner.  It shall be reasonably
quick even against a firewalled target. 

Note that SYN scans are less intrusive than TCP (full connect) scans
against broken services, but they might cause problems for less robust
firewalls and also leave unclosed connections on the remote target, if
the network is loaded.","Protect your target with an IP filter.","","Port 2095/tcp was found to be open"
"11219","","","None","103.145.50.26","tcp","8000","Nessus SYN scanner","It is possible to determine which TCP ports are open.","This plugin is a SYN 'half-open' port scanner.  It shall be reasonably
quick even against a firewalled target. 

Note that SYN scans are less intrusive than TCP (full connect) scans
against broken services, but they might cause problems for less robust
firewalls and also leave unclosed connections on the remote target, if
the network is loaded.","Protect your target with an IP filter.","","Port 8000/tcp was found to be open"
"11219","","","None","103.145.50.26","tcp","8088","Nessus SYN scanner","It is possible to determine which TCP ports are open.","This plugin is a SYN 'half-open' port scanner.  It shall be reasonably
quick even against a firewalled target. 

Note that SYN scans are less intrusive than TCP (full connect) scans
against broken services, but they might cause problems for less robust
firewalls and also leave unclosed connections on the remote target, if
the network is loaded.","Protect your target with an IP filter.","","Port 8088/tcp was found to be open"
"11219","","","None","103.145.50.26","tcp","8888","Nessus SYN scanner","It is possible to determine which TCP ports are open.","This plugin is a SYN 'half-open' port scanner.  It shall be reasonably
quick even against a firewalled target. 

Note that SYN scans are less intrusive than TCP (full connect) scans
against broken services, but they might cause problems for less robust
firewalls and also leave unclosed connections on the remote target, if
the network is loaded.","Protect your target with an IP filter.","","Port 8888/tcp was found to be open"
"11219","","","None","103.145.50.26","tcp","8889","Nessus SYN scanner","It is possible to determine which TCP ports are open.","This plugin is a SYN 'half-open' port scanner.  It shall be reasonably
quick even against a firewalled target. 

Note that SYN scans are less intrusive than TCP (full connect) scans
against broken services, but they might cause problems for less robust
firewalls and also leave unclosed connections on the remote target, if
the network is loaded.","Protect your target with an IP filter.","","Port 8889/tcp was found to be open"
"19506","","","None","103.145.50.26","tcp","0","Nessus Scan Information","This plugin displays information about the Nessus scan.","This plugin displays, for each tested host, information about the
scan itself :

  - The version of the plugin set.
  - The type of scanner (Nessus or Nessus Home).
  - The version of the Nessus Engine.
  - The port scanner(s) used.
  - The port range scanned.
  - The ping round trip time 
  - Whether credentialed or third-party patch management
    checks are possible.
  - Whether the display of superseded patches is enabled
  - The date of the scan.
  - The duration of the scan.
  - The number of hosts scanned in parallel.
  - The number of checks done in parallel.","n/a","","Information about this scan : 

Nessus version : 8.14.0
Plugin feed version : 202105072318
Scanner edition used : Nessus Home
Scan type : Normal
Scan policy used : Web Application Tests
Scanner IP : 192.168.0.106
Port scanner(s) : nessus_syn_scanner 
Port range : 1-65535
Ping RTT : 86.549 ms
Thorough tests : no
Experimental tests : no
Paranoia level : 1
Report verbosity : 1
Safe checks : yes
Optimize the test : yes
Credentialed checks : no
Patch management checks : None
Display superseded patches : yes (supersedence plugin did not launch)
CGI scanning : enabled
Web application tests : enabled
Web app tests -  Test mode : single
Web app tests -  Try all HTTP methods : no
Web app tests -  Maximum run time : 5 minutes.
Web app tests -  Stop at first flaw : CGI
Max hosts : 30
Max checks : 4
Recv timeout : 5
Backports : None
Allow post-scan editing: Yes
Scan Start Date : 2021/5/9 16:06 India Standard Time
Scan duration : 5423 sec
"
"24260","","","None","103.145.50.26","tcp","80","HyperText Transfer Protocol (HTTP) Information","Some information about the remote HTTP configuration can be extracted.","This test gives some information about the remote HTTP protocol - the
version used, whether HTTP Keep-Alive and HTTP pipelining are enabled,
etc... 

This test is informational only and does not denote any security
problem.","n/a","","
Response Code : HTTP/1.1 403 OK

Protocol version : HTTP/1.1
SSL : no
Keep-Alive : no
Options allowed : (Not implemented)
Headers :

  Content-type: text/html
  
Response Body :

<!doctype html>
<html lang=""en"">
<head>
	<title>Unauthorized Access</title>
	<meta charset=""UTF-8"">
</head>
<body>
        <img src=""ovi-logo.png"" alt=""Firewall Block"" />
		<h1>The firewall on this server is blocking your PC/Mobile public IP</h1>
        <p>You need to contact the server owner or hosting provider for further information.</p>
        <p>Your blocked IP address is: <b>43.247.157.75</b></p>
        <p>This server's hostname is: <b>vps.two-t.in</b></p>
        <p> To unblock your IP address, Raise a support ticket at <a href='http://support.hostingraja.in/' target=""_blank"">http://support.hostingraja.in/</a></p>

</body>
</html>
"
"24260","","","None","103.145.50.26","tcp","2082","HyperText Transfer Protocol (HTTP) Information","Some information about the remote HTTP configuration can be extracted.","This test gives some information about the remote HTTP protocol - the
version used, whether HTTP Keep-Alive and HTTP pipelining are enabled,
etc... 

This test is informational only and does not denote any security
problem.","n/a","","
Response Code : HTTP/1.1 403 OK

Protocol version : HTTP/1.1
SSL : no
Keep-Alive : no
Options allowed : (Not implemented)
Headers :

  Content-type: text/html
  
Response Body :

<!doctype html>
<html lang=""en"">
<head>
	<title>Unauthorized Access</title>
	<meta charset=""UTF-8"">
</head>
<body>
        <img src=""ovi-logo.png"" alt=""Firewall Block"" />
		<h1>The firewall on this server is blocking your PC/Mobile public IP</h1>
        <p>You need to contact the server owner or hosting provider for further information.</p>
        <p>Your blocked IP address is: <b>43.247.157.75</b></p>
        <p>This server's hostname is: <b>vps.two-t.in</b></p>
        <p> To unblock your IP address, Raise a support ticket at <a href='http://support.hostingraja.in/' target=""_blank"">http://support.hostingraja.in/</a></p>

</body>
</html>
"
"24260","","","None","103.145.50.26","tcp","2086","HyperText Transfer Protocol (HTTP) Information","Some information about the remote HTTP configuration can be extracted.","This test gives some information about the remote HTTP protocol - the
version used, whether HTTP Keep-Alive and HTTP pipelining are enabled,
etc... 

This test is informational only and does not denote any security
problem.","n/a","","
Response Code : HTTP/1.1 403 OK

Protocol version : HTTP/1.1
SSL : no
Keep-Alive : no
Options allowed : (Not implemented)
Headers :

  Content-type: text/html
  
Response Body :

<!doctype html>
<html lang=""en"">
<head>
	<title>Unauthorized Access</title>
	<meta charset=""UTF-8"">
</head>
<body>
        <img src=""ovi-logo.png"" alt=""Firewall Block"" />
		<h1>The firewall on this server is blocking your PC/Mobile public IP</h1>
        <p>You need to contact the server owner or hosting provider for further information.</p>
        <p>Your blocked IP address is: <b>43.247.157.75</b></p>
        <p>This server's hostname is: <b>vps.two-t.in</b></p>
        <p> To unblock your IP address, Raise a support ticket at <a href='http://support.hostingraja.in/' target=""_blank"">http://support.hostingraja.in/</a></p>

</body>
</html>
"
"24260","","","None","103.145.50.26","tcp","2095","HyperText Transfer Protocol (HTTP) Information","Some information about the remote HTTP configuration can be extracted.","This test gives some information about the remote HTTP protocol - the
version used, whether HTTP Keep-Alive and HTTP pipelining are enabled,
etc... 

This test is informational only and does not denote any security
problem.","n/a","","
Response Code : HTTP/1.1 403 OK

Protocol version : HTTP/1.1
SSL : no
Keep-Alive : no
Options allowed : (Not implemented)
Headers :

  Content-type: text/html
  
Response Body :

<!doctype html>
<html lang=""en"">
<head>
	<title>Unauthorized Access</title>
	<meta charset=""UTF-8"">
</head>
<body>
        <img src=""ovi-logo.png"" alt=""Firewall Block"" />
		<h1>The firewall on this server is blocking your PC/Mobile public IP</h1>
        <p>You need to contact the server owner or hosting provider for further information.</p>
        <p>Your blocked IP address is: <b>43.247.157.75</b></p>
        <p>This server's hostname is: <b>vps.two-t.in</b></p>
        <p> To unblock your IP address, Raise a support ticket at <a href='http://support.hostingraja.in/' target=""_blank"">http://support.hostingraja.in/</a></p>

</body>
</html>
"
